"-0.22322330081629832","-0.2060900691962577","-0.30191553005918464","-0.4272587992570445","-0.20926305264945216","-0.14025971728831377","-0.30480829484215943","-0.31429787804427983","-0.17017232800230805","-0.19780829889024015","-0.1199954360476936","-0.2903132191510009","-0.35123046539791813","-0.3642820014330297","-0.12217035439101195","-0.366901188905934","-0.26550028688006005","-0.22447412840243416","-0.18264776139544728","-0.2687250852378801"
"-0.32899448226205535","-0.2896344979811742","-0.33107556377278946","-0.39776418685959203","-0.1829704656609722","-0.26333262202856095","-0.3751589401617242","-0.4277564650429623","-0.2605591574785065","-0.4236298060057564","-0.14207157149914237","-0.12083050346724755","-0.2744518939541726","-0.35408503180640216","-0.19139989492906587","-0.14303694782502682","-0.32620931687866006","-0.27479238288831953","-0.3868236497305593","-0.34335702218597286"
"-0.33992313120288614","-0.43486144241103264","-0.21127807365583487","-0.30299428315913884","-0.17365747322642186","-0.4142944107674266","-0.2262240345178799","-0.34309114975108307","-0.18958445591208622","-0.27153878505556095","-0.28806778432428093","-0.25634932106663","-0.2973786942504886","-0.3137946248801407","-0.23430862575950648","-0.24526503763508395","-0.17383010929971413","-0.21475622287001161","-0.3385034937688608","-0.40644332989681087"
"-0.4393292424278903","-0.5563092506452318","-0.2696602522623881","-0.1677944985816998","-0.21801796048187064","-0.4554521924354241","-0.2975932524035546","-0.3154316907068229","-0.3123212529701693","-0.338637095722442","-0.3154221587268126","-0.226632354248887","-0.4007916033576684","-0.22388978907773413","-0.22325604729061663","-0.361623127589721","-0.38168161793925115","-0.2246881719687315","-0.1454094058079897","-0.4448652368867236"
"-0.3432850473356833","-0.24541840533776518","-0.22154865384212527","-0.25158825185128186","-0.309040470709953","-0.22874742177505983","-0.34609236121158227","-0.4909234979016272","-0.31331202078685744","-0.3458374699720881","-0.22150794432223525","-0.24819430422787206","-0.2838139531477603","-0.36190440041916716","-0.13448212176548224","-0.1952407240695522","-0.24829316846700247","-0.2891625258767685","-0.20951145495198722","-0.20389716614864745"
"-0.10442488871632193","-0.18676214938601082","-0.2410640469982812","-0.21440152303205867","-0.16854511741039505","-0.09810563880719153","-0.14439004432284397","-0.219009497929835","-0.3457615946153567","-0.3073927651598572","-0.20257706140685464","-0.28195148174606083","-0.17147426782465466","-0.17227841572983024","-0.21335041112305114","-0.16042540601294378","-0.17241085782662463","-0.19040238288016842","-0.09314680447618896","-0.16812897319324363"
"-0.38962189929361424","-0.24941138718305603","-0.17070266414967436","-0.30060300616329005","-0.2834572146182298","-0.31115201393473657","-0.22922876014534257","-0.5407698121498246","-0.27269394247025","-0.29702533506078566","-0.32793673329518347","-0.1924522910692623","-0.36933389597982513","-0.2181437370707822","-0.40426001891744745","-0.2799784550794024","-0.3561791922724548","-0.14595948925449775","-0.26640980087536426","-0.1749493191415642"
"-0.18049126608704577","-0.2882430069682449","-0.23655667436947425","-0.282560598009374","-0.235279356232737","-0.3284972111186537","-0.2656872204923556","-0.4111507091102732","-0.15778315881141772","-0.1972218890403061","-0.35449588486665107","-0.5702728243502392","-0.3338087832348091","-0.24048592173884473","-0.2654840561656159","-0.1890531370598454","-0.15868005118348036","-0.24804718573967574","-0.2269741557677347","-0.20461380087289172"
"-0.214519922052089","-0.23918330380088473","-0.3009255354080357","-0.24039355188846098","-0.3030040555885422","-0.2512233459648801","-0.15997183270717488","-0.2849560903807566","-0.18363984733882288","-0.15102201487463654","-0.21006690947393658","-0.31713859057426236","-0.2362274249349979","-0.26436804953705384","-0.16320502809836043","-0.20510558736509477","-0.24031668146440321","-0.291880905856708","-0.2831469680511976","-0.16475985048400332"
"-0.30470745823981005","-0.2183295921152023","-0.2915174291424581","-0.3070148118005794","-0.2939190132510899","-0.20983195278553576","-0.17188060269827957","-0.3639549394143884","-0.16039831644079236","-0.18312485457033106","-0.41025832136608004","-0.2864223901786642","-0.32776019165652337","-0.17541373587055417","-0.15736732475002363","-0.2999462193092714","-0.11841961041137834","-0.18726036084595546","-0.3220893979502996","-0.15758617051552187"
"-0.2759557629448955","-0.24266436686814002","-0.4324880838052214","-0.2317466106021332","-0.3723829762509174","-0.3033357256889332","-0.29166411710653556","-0.2778042369796432","-0.27981185985918056","-0.15742154180159867","-0.36708348208208597","-0.28870773125212285","-0.36011926694891655","-0.31321216958235176","-0.3568114154346589","-0.36783866345822","-0.19276598094856454","-0.21402404133790878","-0.22014754808704393","-0.40077701914656544"
"-0.1822802625321808","-0.16767014727903684","-0.2620529896197088","-0.20371298338811109","-0.19802740571890673","-0.1987272901638632","-0.15309775335006395","-0.23182985006630463","-0.36610508265686265","-0.2336377103789787","-0.2566732158195342","-0.18913239589070674","-0.1607055396568674","-0.2531742852290615","-0.21881367541498334","-0.25768850345293914","-0.4592072119198012","-0.2496770121191258","-0.19275517126331157","-0.24951509587496198"
"-0.17099389922395022","-0.22616179231649855","-0.1457391209064317","-0.3207148427732113","-0.19749166361822457","-0.2839028730313446","-0.3149478598973525","-0.2561065813655145","-0.24448108628718718","-0.3239891463647929","-0.16713807026766633","-0.27530880143402925","-0.24212670826606125","-0.14584032130524563","-0.2864743974367464","-0.23960765563912315","-0.3402349451643741","-0.2868813018992676","-0.3531309269186443","-0.2591555182480303"
"-0.15954648932391702","-0.33971042108790994","-0.22576592304354165","-0.2540449906787573","-0.2170672615721314","-0.4811917955345861","-0.35502511385292856","-0.20167204539750433","-0.21757192614337317","-0.34105536324327573","-0.45319456154586063","-0.3621330502873221","-0.353849464098579","-0.35224048745513814","-0.34344322546411377","-0.288002542108519","-0.226712242241888","-0.19648592719561592","-0.2767734470422341","-0.19364748323233236"
"-0.3948554845763932","-0.3871465853148092","-0.3656241158850049","-0.3525065128316228","-0.31466395777390477","-0.30441320509196634","-0.34546605502182615","-0.3562612528487382","-0.20580139689951596","-0.5558662944688604","-0.6720044313192046","-0.30669257835690483","-0.35349889682657143","-0.3750081708133641","-0.4905225022754016","-0.24543748369707521","-0.37586898644393296","-0.2943288047657284","-0.5540036614631891","-0.46157001738954156"
"-0.44964281135979833","-0.35388277657325745","-0.37175961441845323","-0.2856910919356037","-0.3328048965128812","-0.4205693508381026","-0.3898912079095475","-0.49904757284110823","-0.36965483896798385","-0.4789889561185597","-0.29660042241393253","-0.3192766296075498","-0.2939670267761041","-0.34863019618165886","-0.34169832675007683","-0.36233340794837754","-0.2778570903225792","-0.3349992889753333","-0.22455232268243472","-0.43954835349748167"
"-0.3587484242037685","-0.2801166530912031","-0.4014620524737854","-0.33917983009349995","-0.4352882572672903","-0.47744855095068417","-0.34825782615710615","-0.5014984949948322","-0.3193683920818803","-0.2535026694357803","-0.22140617606186658","-0.47711848831115","-0.4858662708957684","-0.39650032387616013","-0.21680042978879854","-0.17499606243856178","-0.6872205034107437","-0.30527123862067534","-0.4818966899211393","-0.626375445176618"
"-0.42781716114785906","-0.49338075725583574","-0.3874687913931049","-0.4301028010053119","-0.32825826053539164","-0.43174014260314175","-0.3134290840362667","-0.2701344602575546","-0.36966352781770256","-0.31647499952911756","-0.5630986293103529","-0.2961249860353319","-0.38650165126676994","-0.44996178279470816","-0.48016115492920974","-0.344280301281921","-0.3915314842842255","-0.5114668164153582","-0.30009713314095404","-0.4219006891353307"
"-0.331619927455926","-0.3466892421899749","-0.30885517833792003","-0.5398229500920829","-0.4562010833308011","-0.3586191900719023","-0.2301811271935471","-0.37309686599565894","-0.3679331312666367","-0.3422912459157203","-0.5108534510627323","-0.2303750683502585","-0.5450445040252039","-0.22061256296273374","-0.3172075935235154","-0.3715226573065211","-0.45323453022399673","-0.29445225608424314","-0.44425463955598554","-0.40987764357309237"
"-0.4260157709294634","-0.4660105165319537","-0.3496475964954364","-0.5223665982200759","-0.37747125135382376","-0.29287769328700175","-0.4794756276337369","-0.4281685892550029","-0.2549667475313911","-0.42884844887780255","-0.3917902081668889","-0.37534890472105176","-0.43014715642429613","-0.45651852413355376","-0.2092818652715016","-0.3616677642199218","-0.5049588595613559","-0.3925508756332247","-0.39889399632989603","-0.3317469489142391"
"-0.37583701765314736","-0.4528162312795542","-0.44863009059630166","-0.6055824854702005","-0.41811431081905936","-0.3747588943464877","-0.3538502153844877","-0.24826922360099737","-0.21315157292693293","-0.5627569853619909","-0.49740771682759394","-0.573559882468388","-0.368774983147906","-0.3928426954260457","-0.39385960352113275","-0.2973337186702091","-0.2767256050509532","-0.34208964362325295","-0.3042335206620527","-0.3504934913198637"
"-0.5207088476400413","-0.29942402229680387","-0.4432676346423389","-0.2936633241920771","-0.31603799405771876","-0.38357205156839613","-0.2166054849693294","-0.28209207588766505","-0.34539788513190745","-0.28381372183019066","-0.35318734417023995","-0.3170746160001341","-0.26936804964479977","-0.3181239420680024","-0.3883596625097474","-0.3823438131446965","-0.6346083743025507","-0.32260718073202044","-0.4914518294515898","-0.31229824203046946"
"-0.47553407116703134","-0.5571062295880751","-0.6090044237299432","-0.4721764112672435","-0.6377608371357019","-0.5669682120591822","-0.411169927431567","-0.4437462692440059","-0.5410297199831877","-0.49268850835080963","-0.3740798496731119","-0.42698531000122353","-0.2979300174202068","-0.43433728692879925","-0.46317407754150375","-0.3749308843830241","-0.5685529645914478","-0.3595412856481729","-0.5277076715789492","-0.41619170116151666"
"-0.350942217379623","-0.545369835954072","-0.4619912168723155","-0.3447189357578342","-0.34000089268191347","-0.36546994571921276","-0.31305889546647103","-0.32484039327152053","-0.3995589991746722","-0.5311986884021984","-0.370261715339652","-0.4479218027535709","-0.413045321273934","-0.4584300661945104","-0.5178201052565178","-0.36330623127474865","-0.4143942707130039","-0.4769711726828858","-0.3883480772869013","-0.4439671785566984"
"-0.5821867431671958","-0.5912964313485494","-0.535601868134534","-0.16814680576183602","-0.5860477380834493","-0.36241442506724636","-0.5938779488466891","-0.3597630277152048","-0.28818603105136076","-0.27036392421860056","-0.5362486348117662","-0.4262101255971129","-0.42343266266256485","-0.3207233398090679","-0.43695136043298455","-0.48475239418432714","-0.37406143658014956","-0.22610874390184926","-0.5082602806103576","-0.3945129911181159"
"-0.6979958101557945","-0.47020618175095985","-0.35937062940631664","-0.39626923244440304","-0.5808515387248696","-0.2807734122968498","-0.5306786438409852","-0.4514749987689724","-0.47301848149998293","-0.49471007200231354","-0.49206408979431016","-0.29887433107001476","-0.5071169049590748","-0.2567853390447903","-0.4886516800357095","-0.37477664964839447","-0.44109270197070066","-0.572941343836372","-0.5617626094958893","-0.5413162160893876"
"-0.5302290072122421","-0.5546268080544821","-0.4116512632694826","-0.3977661255983291","-0.49654655617391263","-0.44117439087270427","-0.3185563195203661","-0.6001053264525145","-0.5431137660936558","-0.49917063737927625","-0.6267644296123362","-0.41016197791922193","-0.5095719757686049","-0.48299119727601275","-0.3528343708855139","-0.4490794273917059","-0.5623441475723918","-0.5062337491592972","-0.39168113052643294","-0.3637945743010719"
"-0.506613136341783","-0.6655414778696822","-0.337516218436718","-0.6123079413268848","-0.6077129426291054","-0.568351414713392","-0.4569399251946521","-0.35427509542842556","-0.7189031597125835","-0.5632180294208053","-0.5190887235018403","-0.42877114104219316","-0.5264997185364526","-0.543518567115107","-0.368210253232629","-0.5011689174913709","-0.5338220391404271","-0.5538202275659372","-0.4964319768286903","-0.5116710979874309"
"-0.556013529407131","-0.6358597326896948","-0.5305073151993986","-0.47553796709656576","-0.4949965669269239","-0.36113698694734103","-0.31080592178100924","-0.5453659291959378","-0.4611557133070951","-0.5108118240926031","-0.35230791527141525","-0.48312780244977743","-0.4659915954983484","-0.6847031815833939","-0.5942886215263424","-0.5455296773498217","-0.6183550656662503","-0.50815590312976","-0.47392252496862064","-0.5079388169000629"
"-0.544381134958908","-0.41823581518331204","-0.5128729187826648","-0.5220476655760705","-0.6357814916963501","-0.44836717849689317","-0.5519314437436605","-0.3950008146771047","-0.45758054058556474","-0.5117193060268523","-0.4209238889723656","-0.6287832792179909","-0.5037425264034531","-0.5556704835189048","-0.29756291868202445","-0.5047812567642382","-0.5301238343853913","-0.40379868379390016","-0.1532373993582765","-0.5240227463892402"
"-0.3858255812751594","-0.4035104020946435","-0.693443879181297","-0.4054719421696943","-0.36809383778069765","-0.5659359161947665","-0.6486350469704725","-0.5979298834634686","-0.39858229033410353","-0.5262720024950627","-0.6448121157117018","-0.38080337697444216","-0.29992501346737976","-0.43785927032737254","-0.4562193037532576","-0.5884594600839793","-0.4615360951927958","-0.42335901734071996","-0.5614884488480032","-0.5184653933019154"
"-0.6266646220597392","-0.36606316854189386","-0.3285186068604181","-0.5113696900887855","-0.5617469408096839","-0.36176795095016245","-0.3598342131250899","-0.49441407063937054","-0.47517382745667447","-0.6071124017989272","-0.39799962550058043","-0.6342835073204133","-0.5390480784370896","-0.45203002558169275","-0.5443941387601249","-0.5636978588727829","-0.5335119725572377","-0.3191598929295664","-0.31765161414780335","-0.42171277401685714"
"-0.37340928425115394","-0.47437837446430825","-0.3344832643762313","-0.4214231904392362","-0.39482134096904836","-0.3916170401359736","-0.4989425496222642","-0.41148115830033205","-0.5438219119682498","-0.432099310453755","-0.5853104662132828","-0.5753773176631581","-0.6625133313661473","-0.4410897940057573","-0.4217973776766891","-0.5687502566810854","-0.6216072327984806","-0.454279398763437","-0.39237531930409625","-0.411421313592217"
"-0.35197283153910774","-0.3925951648503816","-0.40038429458931524","-0.4453839461604576","-0.3394817682177252","-0.46830784820480836","-0.5103056733294072","-0.5076659505945923","-0.5351735255241568","-0.6200007991907409","-0.5905834009666707","-0.5547880695667172","-0.4846150245613065","-0.4601930089790616","-0.4293565394679195","-0.531661513667641","-0.4955892002199176","-0.5348617892362669","-0.27325855483453954","-0.4033906105103037"
"-0.47798825373779613","-0.5631205279733393","-0.3886377113317801","-0.4222913430206471","-0.4663573709191791","-0.539225931678745","-0.5246712395433835","-0.4731256605907001","-0.5464966338382728","-0.5241571277479978","-0.46306515666926373","-0.494423835856032","-0.5525001475302556","-0.3972980951146539","-0.5398153865817363","-0.3771598344452881","-0.36736930842370535","-0.4007333669143068","-0.5857922145153154","-0.419815339515335"
"-0.6680521530552981","-0.38957268683994994","-0.4726460433058115","-0.6007132165612189","-0.4032747109499902","-0.5165211052962724","-0.59904994131401","-0.6003843690868288","-0.6245869634310907","-0.6231756473827508","-0.4531371810825575","-0.4840028339206418","-0.5653023411455376","-0.5044247304883366","-0.350859434417024","-0.45548177452816524","-0.5673743395045158","-0.552258000474095","-0.47145775094955267","-0.6313889829130007"
"-0.525125009090129","-0.5867837734394873","-0.49535616397750026","-0.4266761056604421","-0.29910405563362713","-0.6969077476260351","-0.5298279887241596","-0.32415798430442166","-0.5318764392890627","-0.50748105638389","-0.4902616728602967","-0.4731602577660088","-0.5467757520614513","-0.400033800112165","-0.43832002476544857","-0.3705356778506581","-0.3938518086266062","-0.3977914803594065","-0.5381603319508445","-0.6637388637002816"
"-0.4532023664155377","-0.46067759188873375","-0.5748068405109042","-0.6800434727460414","-0.5571016091922636","-0.43150641535949286","-0.49820470753505286","-0.4689308931216957","-0.39174980260180464","-0.3087327703518136","-0.5342013235554262","-0.5951157562502832","-0.6874343334189982","-0.3952273283126387","-0.46118209184566467","-0.4762773781752566","-0.5662082264604689","-0.5280108475199452","-0.5751726719304915","-0.5050921312885367"
"-0.40724798077975477","-0.44266852561857833","-0.5021589491127328","-0.552604067913484","-0.4223307672871693","-0.49431064266267155","-0.5662326749404517","-0.49454877894116495","-0.4467493025487796","-0.5544086049874742","-0.43309991367972017","-0.6174331128452275","-0.4609510755504927","-0.6364689680176778","-0.5267840137696713","-0.49804057620190884","-0.6518071263985056","-0.6717019996597174","-0.5809631014950116","-0.6807617585464877"
"-0.5533656652577406","-0.51225065592241","-0.4685833006956572","-0.5980564537191857","-0.415446840579752","-0.5995277309858466","-0.501621353908299","-0.39542032760069035","-0.5158724490418808","-0.5028392046595581","-0.6997406497571373","-0.5336550749667841","-0.6248852920226503","-0.4767137057947171","-0.6593873103517146","-0.5095479253714603","-0.6242546943711413","-0.6036555148499019","-0.382212373494196","-0.41564553143241006"
"-0.6857216462477667","-0.6345544860317249","-0.4867058724462167","-0.5138143953527612","-0.544492612950885","-0.4759626409260293","-0.3482526805539601","-0.5778371826610055","-0.47599050845610824","-0.6470492072848215","-0.4025547934811037","-0.4691637094021319","-0.5278841281181232","-0.6382007407637178","-0.46212327079818744","-0.38918032128153096","-0.4924895626007173","-0.4183332723969669","-0.6038754793104204","-0.6586069422615047"
"-0.7980305065635456","-0.5830922871897399","-0.39068861785911735","-0.5260436340824289","-0.486885316559437","-0.5141210813981729","-0.4519986506346698","-0.4840820880129762","-0.5158603690809669","-0.5018725694577825","-0.6638349875915648","-0.6414949116762526","-0.4084393628743047","-0.6083871298802628","-0.4491875743182121","-0.4680028275609498","-0.49033759190059034","-0.6439259377198748","-0.5613813179995418","-0.41547079984445323"
"-0.5042999048069214","-0.5680518800210652","-0.45661674639929245","-0.7306090147242866","-0.3318202668946839","-0.5943181779879508","-0.7299748970452206","-0.6123159649378611","-0.5644391994655367","-0.48704279745637025","-0.699770733795171","-0.38298409611146306","-0.4494244128812832","-0.6033281892988009","-0.37268211079312663","-0.33402296767468387","-0.5718445447816284","-0.5779595393220243","-0.6921052609198172","-0.6107227036010074"
"-0.587335621638461","-0.546873349886413","-0.6882361261205914","-0.5800967125012179","-0.5098520298422088","-0.3736428183311128","-0.571934233546524","-0.39987346553985686","-0.43929497460559874","-0.4135273664414872","-0.5280738322134512","-0.47195691254940686","-0.527062320778678","-0.6117265797627601","-0.5636935606644694","-0.5243021775283768","-0.37350535325447703","-0.5140218034084905","-0.40976673858482976","-0.4652200565594242"
"-0.5085036526634319","-0.4589413734717032","-0.6346293846703985","-0.5334485601270289","-0.5918271074384627","-0.41918765291236665","-0.4573777988972774","-0.5773918112846195","-0.6323015946418413","-0.43694125875187184","-0.5818587873188796","-0.5947865028039092","-0.38017269306850066","-0.6308001912037036","-0.7521550327060654","-0.5712240956812373","-0.45148309746992815","-0.6030415256259962","-0.42902916288768705","-0.5951925578334235"
"-0.42437087156973424","-0.7506046669148457","-0.5802165156265499","-0.6990668134002368","-0.39228088320699767","-0.3782134652336538","-0.3638836123392934","-0.6281624666714226","-0.3686197000047881","-0.526510680719413","-0.5610597594151404","-0.6086951942267438","-0.6241491290015023","-0.5327267501755505","-0.34247065404603333","-0.5787141587540788","-0.49495306042540527","-0.7122687539591369","-0.37605444266191085","-0.6473575413973626"
"-0.6806346148624935","-0.5000645007855476","-0.6040666931409657","-0.5024243321196084","-0.36211560051836417","-0.5255997668628026","-0.5138235720091446","-0.3727750442248626","-0.5798322220051937","-0.5087372542020769","-0.600622110425531","-0.33450754013957174","-0.5916852623080519","-0.4732062424092801","-0.4348706852380148","-0.4876698297307716","-0.6491865158702","-0.5387554111979885","-0.6387432896515794","-0.5729467953001144"
"-0.5871235503282609","-0.4704573430749434","-0.5785511367974007","-0.7151420054652811","-0.4987787443568375","-0.5751816338642586","-0.3284546016048429","-0.7428169988418928","-0.2954889933035984","-0.5411929642521228","-0.7191368226644442","-0.4012867918152721","-0.5316952134475025","-0.5260624293144981","-0.36685792950206664","-0.6177266476266664","-0.6293014156851343","-0.6218358708550911","-0.6241897562668521","-0.6274374826699252"
"-0.2968852172284598","-0.7511724758752745","-0.7332164013749778","-0.24492145615690275","-0.514430356211413","-0.5406986973441061","-0.566821261643374","-0.6822293780715286","-0.5095049642602969","-0.6498515765278576","-0.5253038684679463","-0.6082750960992392","-0.5332650093921412","-0.6292205516737465","-0.748224583054561","-0.4670117728334451","-0.5020187222847536","-0.7147321969319479","-0.5013941587776958","-0.6253400853375735"
"-0.6179313537364662","-0.4305891930992076","-0.4443825424675967","-0.7067451524887047","-0.5828699363654224","-0.6394381531999135","-0.5139027621564254","-0.6536752825866217","-0.5427953843531201","-0.7221244163113572","-0.32892803348928223","-0.5154453272351841","-0.5035951345601601","-0.6113080315217669","-0.6764551230186678","-0.6680617255699322","-0.526740461392179","-0.26074207151166906","-0.6317303929618214","-0.5405617732607927"
"-0.5415880164405285","-0.4220589327765631","-0.6894679469383196","-0.33366309027899993","-0.7096099229278273","-0.48318189075915213","-0.5108614182037869","-0.6225463463771613","-0.6438651369175463","-0.4785420995302582","-0.77545728614823","-0.5739165732747057","-0.740301331605699","-0.3564780889749414","-0.5607020359679834","-0.5963134270931717","-0.6306150252478805","-0.4475137138237271","-0.7752562616803148","-0.3449979700292054"
"-0.4283422934788272","-0.6341327990715588","-0.5874880649487821","-0.3697791033874559","-0.6229176642297449","-0.3436296553314016","-0.6492866883600225","-0.4691157931123021","-0.45021527768844405","-0.46714320629432265","-0.3547235490481967","-0.5871400714754347","-0.6419398483070293","-0.46603355025228815","-0.5306350196648427","-0.4766601901314673","-0.6126846317181698","-0.6182133043372202","-0.3796969322789336","-0.5108110124285282"
"-0.4955369598489435","-0.6305081799224403","-0.564179909502203","-0.5256588861386868","-0.3745690785403688","-0.738775865070805","-0.2942857935557602","-0.4889309726414892","-0.5070289071794071","-0.5659550382018458","-0.6705017647678464","-0.7059773025343107","-0.5215623509785665","-0.35064904195417","-0.5987174207046294","-0.3621420020875711","-0.3803485040416627","-0.5618292382100833","-0.3700462616623814","-0.5163290185280183"
"-0.5867247722725762","-0.5443233840579493","-0.40006994821894315","-0.5008398568135765","-0.47989358952526134","-0.33367575759179746","-0.5426013449841776","-0.5996924239771889","-0.6700758251533017","-0.6877113699262023","-0.5280275836379552","-0.4790444372699397","-0.5901038173366226","-0.6918391586844953","-0.5399713251618465","-0.7372368459274726","-0.4812793927022468","-0.5636705268388338","-0.3241610132018423","-0.6488447313786955"
"-0.4722721175515492","-0.534972480759465","-0.4058765597214938","-0.41707297224267775","-0.5310418717812353","-0.43680991972723426","-0.6616232552676367","-0.4788300088909386","-0.5990588788103659","-0.5722794719166404","-0.6520955497293456","-0.39349249451663965","-0.4723637109242069","-0.5743024388266321","-0.5129610423924986","-0.5984042926749042","-0.5851047980347497","-0.37247681707595787","-0.5494654967496563","-0.41116140477636487"
"-0.4799629882413632","-0.5820867689014583","-0.5463368200023943","-0.5920249763684594","-0.5387685786597953","-0.571653511168114","-0.6071292800526272","-0.5694896038017885","-0.4350708342105921","-0.4691923552272663","-0.4610054988564437","-0.7188385572192648","-0.6204683778499893","-0.5473732900449776","-0.5221901726094346","-0.5777038550082944","-0.42911759063031624","-0.40530028557284786","-0.5093042284149161","-0.41255494066439047"
"-0.7335647585723558","-0.613271292656181","-0.618652499727296","-0.4223548563014289","-0.598293038801027","-0.49497072734519565","-0.6487213429411994","-0.6344732291724275","-0.6580496096300164","-0.7146902929541028","-0.47829643681707046","-0.6160142446816859","-0.6286407432809797","-0.5541151075973789","-0.5057112791859629","-0.540881871746129","-0.482296657006545","-0.5235069101085797","-0.7036265570332898","-0.572569860071567"
"-0.38611063073922475","-0.4384280724628269","-0.6416873630764225","-0.6253352681423887","-0.6217640376484773","-0.7539879204529569","-0.6225736959048901","-0.4286511356375332","-0.6617093950384303","-0.6334821549995525","-0.5338496118279084","-0.5641487014106429","-0.5971145838712093","-0.4386877152488471","-0.441656913392845","-0.5746080214683744","-0.4494089395458586","-0.5403794312529401","-0.5236837261347214","-0.4884769501375063"
"-0.5555385974963791","-0.5466038972804467","-0.652592441386483","-0.5386928209135631","-0.43536223755319187","-0.46517757910364","-0.5122952936037328","-0.6122407920020193","-0.5549663290202212","-0.4777825797372067","-0.6716529547414679","-0.5389505994602485","-0.6493643215273185","-0.5232959426175657","-0.6226766425180577","-0.5296713029323594","-0.46777952925372257","-0.4721702931400656","-0.4967378054300972","-0.5229882746221957"
"-0.6716392811823257","-0.6439518228134469","-0.6770926073830142","-0.5275023891109469","-0.4226274312397143","-0.584263970593639","-0.6651468806309272","-0.698781566696385","-0.5578464067782751","-0.7263712246429486","-0.6524331438030092","-0.5958168133028423","-0.5654394398566657","-0.7563938121261193","-0.4374150242235546","-0.585053109107479","-0.6653046548309031","-0.5354276567866435","-0.3110049635834618","-0.5001768044326329"
"-0.6333035039165497","-0.48437803112223327","-0.37702016916151765","-0.6342109871171213","-0.662578126525714","-0.5149426105788246","-0.7359929083491346","-0.470645349759387","-0.5264704318065229","-0.48697675459207196","-0.5410451556735472","-0.5626668200486599","-0.4386847913134927","-0.5863669030124486","-0.5976656657234066","-0.49697773226249886","-0.5515187228199656","-0.550983965318988","-0.4874173919576891","-0.7573525120404945"
"-0.5627059944846929","-0.5456153460764331","-0.6493285101431263","-0.5507821719245553","-0.5011960075615955","-0.5047814780572246","-0.5756957345531779","-0.44459112045288923","-0.667311524518362","-0.5920682499221457","-0.4913344794755683","-0.4755672371667415","-0.7057423913436784","-0.49920659300982145","-0.49445757793191397","-0.7521563132527176","-0.5721312653178323","-0.5372619200541194","-0.48585075262474675","-0.4801201728832501"
"-0.6830605847787175","-0.5964277495034872","-0.5334249836623427","-0.4663434569444742","-0.46236492287972913","-0.45723583839485343","-0.4227595973779708","-0.6510560572388675","-0.5982616180926144","-0.6073923605524637","-0.647048923511528","-0.7557663267191458","-0.431869738803021","-0.4342201420230727","-0.4700899067256068","-0.5218789046096886","-0.5433130089628184","-0.6607490675598268","-0.5199127503226993","-0.6056787583865941"
"-0.5026008800484132","-0.6501505682903903","-0.8112648682429209","-0.6584457439637049","-0.5827906973987362","-0.4766417039463006","-0.5865219346971344","-0.507241881926164","-0.561667396787281","-0.48346999038774485","-0.5980205394572182","-0.6943988218074135","-0.594901656570298","-0.5187975794024187","-0.5489276699033995","-0.4742962909460543","-0.6814833276790118","-0.4786642781652747","-0.5999812189772222","-0.7320913048874851"
"-0.6213628828238186","-0.6989426738165379","-0.6893972075870703","-0.5728152752049173","-0.6018879486087384","-0.620247764751889","-0.7032202406216514","-0.3788763066256854","-0.5004704512708339","-0.5704390342361781","-0.5464858350879552","-0.5216995275810603","-0.6356925358947594","-0.636536343766455","-0.508843479806811","-0.6956462393059186","-0.4862178239744933","-0.5735843644472847","-0.6670464177123803","-0.636554480264961"
"-0.6509575987644942","-0.6004615684037692","-0.47095841068958244","-0.44442153336128876","-0.5858395986984747","-0.652207499509516","-0.5414738387624987","-0.6277421975276927","-0.5613096653833243","-0.4460970554274696","-0.4634142226351073","-0.5176271819101106","-0.6504407979819052","-0.5794876863397845","-0.48389238216029723","-0.5653896357342016","-0.5378115178532231","-0.7357945102943974","-0.5672782084025311","-0.6030258761180577"
"-0.550360596677922","-0.5488542161077994","-0.683653133998613","-0.5615716907968415","-0.45797886596421983","-0.5905009456874446","-0.7718805808475573","-0.5521953142805877","-0.43917346477758124","-0.592385649581315","-0.6476250286064247","-0.6066895460215345","-0.4927740800882346","-0.5608826139709897","-0.6624490743511905","-0.5201579144842305","-0.5654138444259411","-0.5464451005724447","-0.5407795100618524","-0.6338705596964274"
"-0.6418082448632616","-0.568534599186374","-0.5036315057361804","-0.6207256519310591","-0.5827680134962584","-0.5686636645939885","-0.6392483580226798","-0.5110139385577824","-0.6485009725404849","-0.4482168001208519","-0.5886671206066745","-0.46640425188232376","-0.6727147566028667","-0.6296193372643197","-0.5258378852569712","-0.47791352996042163","-0.7680369176099028","-0.43090403594592513","-0.7217653978117028","-0.41519921959542555"
"-0.544597878946747","-0.5674313602464592","-0.6248058293020473","-0.4875165199378285","-0.5631281872058456","-0.6608340315900513","-0.4798812958832913","-0.6326478983201599","-0.5187143495024268","-0.5759322436108893","-0.6410224659252666","-0.5696053353346732","-0.7902735078716577","-0.5992042875655212","-0.6323379188674668","-0.6308578866514971","-0.5965105117432866","-0.6077656143118394","-0.6455937713836201","-0.5345923898632886"
"-0.8645618253246495","-0.6308839231533067","-0.6774614234007913","-0.45852509088941706","-0.8078580474695097","-0.4552795435856279","-0.778854494145828","-0.7571411716014071","-0.6245755807414535","-0.898573454329322","-0.3848761829451175","-0.6255344668449121","-0.44120640681491613","-0.7403595008436582","-0.5989928339564027","-0.6482041210468391","-0.46231060611974273","-0.6840682226234204","-0.5591753258125578","-0.5048318274844178"
"-0.5441599849437284","-0.624583225878359","-0.560531656072637","-0.7034921437962524","-0.6304302271590384","-0.6337244732537952","-0.6252299296167394","-0.7006195068686429","-0.479007131334088","-0.6253633308353943","-0.6628195531399804","-0.6080853989840289","-0.7485922939290007","-0.5428790573576197","-0.5849340452511235","-0.6159164420877957","-0.7005386756159647","-0.41009062693109527","-0.6483960093703947","-0.6243972642335571"
"-0.5964780047980462","-0.5841241828993311","-0.49347008580629415","-0.7712418197159053","-0.6058186945092386","-0.5549582607723235","-0.5430574462716108","-0.5152238560691746","-0.6490365248823813","-0.4510235159471939","-0.6589026999838491","-0.7362453657593143","-0.5324375144829463","-0.6805892387198749","-0.7154166757095703","-0.614948739664105","-0.6644938830167155","-0.45837692346335296","-0.7758455962504901","-0.7226230687804448"
"-0.49497044905418297","-0.5617895429635116","-0.7694504799537283","-0.6281572036877257","-0.5377119101425057","-0.6300978121944987","-0.820734340328645","-0.6459565595568775","-0.6874168918914024","-0.5067248709876385","-0.5765312405933708","-0.5041268879391593","-0.5512564239006769","-0.6905596536482606","-0.6750115545956521","-0.7056566243760186","-0.6512140551366017","-0.5822263013983481","-0.5093886212307274","-0.6853049418230981"
"-0.639250134888312","-0.7269643291969818","-0.648821461552712","-0.3926320513986349","-0.7957419904120614","-0.6137667064983326","-0.6215555224404389","-0.5886401907223973","-0.5378108299406735","-0.7131784282834471","-0.7122198368147455","-0.7562097060899551","-0.6416978575436605","-0.5218810545248651","-0.614344360568167","-0.6357649636380203","-0.5095245131147472","-0.6208039681867704","-0.7503754439609313","-0.5317095938747592"
"-0.6382049113954943","-0.6045778819644436","-0.7231335642468086","-0.6194188851553915","-0.672092906377657","-0.5896780080054512","-0.6011538415637557","-0.6441764767031585","-0.6520980910823505","-0.54710371447194","-0.7458958197400075","-0.4658558727838018","-0.6403046522143666","-0.47468097018447625","-0.7382989454346219","-0.5873356061109279","-0.6066248312399242","-0.6277452520712916","-0.5342595712546083","-0.5817372062618222"
"-0.580922609686044","-0.7614430187071922","-0.6655961733222694","-0.5528409900481845","-0.3757690790874932","-0.6328473250057245","-0.6792999631402098","-0.5091179795842432","-0.6602842506184418","-0.5613500332451261","-0.49575562382964505","-0.5876687444208656","-0.8903061636456183","-0.5690622919609015","-0.547933141744938","-0.7855964616023594","-0.5596707815552561","-0.654081066029219","-0.691266046474267","-0.6747827375517049"
"-0.631976513801321","-0.5496335020197269","-0.4991279953279673","-0.7605719379860778","-0.5009869368296856","-0.5288180811661881","-0.7569075204070616","-0.7797894769295426","-0.6747160593907169","-0.6704238559100866","-0.6072321601640607","-0.7026959457459446","-0.7160489352540327","-0.6931555152889521","-0.5916732990687111","-0.5766540631306556","-0.6764885365415239","-0.6718565995290663","-0.9342080273645124","-0.5065543880302579"
"-0.6618497140388484","-0.5825079613752773","-0.40739499837548976","-0.5453937237537285","-0.6996136301710838","-0.7021721460347474","-0.5158450515897467","-0.6730372309820661","-0.6816966248485663","-0.6118244790365468","-0.432101907436271","-0.8547346588764555","-0.7078966379049629","-0.6220786446376199","-0.47347963027992057","-0.7167610639286154","-0.6060581725706762","-0.6278651457385824","-0.8459485676752958","-0.6802803322195061"
"-0.6072565463134013","-0.6023581545843228","-0.9142111444951101","-0.6332007967284151","-0.5031326459354959","-0.6177016671216546","-0.5397569349047643","-0.7312376578224843","-0.589071611939618","-0.6295972585541159","-0.5098787240686562","-0.6719730051966752","-0.5499190342798181","-0.7720041543508677","-0.49279038881129594","-0.5251835260720502","-0.6563376668324704","-0.6734199194399255","-0.4571622812232095","-0.5132130773558753"
"-0.4924934279386268","-0.5639393282006204","-0.5195406783486947","-0.587760523304571","-0.5198774619536468","-0.4657656910356805","-0.6099684859205952","-0.6118180698706263","-0.6856787009934076","-0.5743244971118675","-0.7204044971476794","-0.5359390671773531","-0.7392607133143347","-0.5788227085435999","-0.5115996773059038","-0.7889962682214974","-0.44400741108461816","-0.535612599034152","-0.6129399242087626","-0.6499953372437203"
"-0.6103454642207297","-0.47923201661253023","-0.66275699104863","-0.6209639106004015","-0.6731310960856599","-0.6419743049429047","-0.6043761870913862","-0.6100033957900848","-0.5863713052968863","-0.559029841328869","-0.6961565833139871","-0.4880930142299573","-0.4204307679184312","-0.5993975499610338","-0.6792116981521857","-0.541035153474285","-0.5901856717276532","-0.6529923873823976","-0.5807428389299281","-0.511896007297484"
"-0.6734924331140385","-0.7101579567308847","-0.5214087637393342","-0.5142599644151725","-0.5585613484714548","-0.7432409266660777","-0.6816015180280353","-0.6073773967113666","-0.6958799688553838","-0.4649998468371062","-0.6722936643619013","-0.6923629894169916","-0.6889901052170128","-0.4103087724931803","-0.7005870532670009","-0.8124900160881741","-0.6644337160595714","-0.5888709659469703","-0.6357868042389722","-0.5920365807610782"
"-0.7719813686543455","-0.4944868498811036","-0.5175659575334859","-0.5766295026770956","-0.5869477416857357","-0.6082196118763179","-0.697768588225932","-0.5912650540664468","-0.7428124023171759","-0.46718512330534373","-0.6604626929110361","-0.45592110534410346","-0.7567893790691365","-0.6191393009477515","-0.7230674583375328","-0.6837225002516266","-0.6750966836586804","-0.6816905786164904","-0.711514087167678","-0.42373829957673825"
"-0.5572178438154503","-0.6242531941847932","-0.6357162255532167","-0.7365557023047199","-0.6393243754725275","-0.6699623315099342","-0.6121092082118544","-0.6301438329210199","-0.6091420638964893","-0.6395848226242747","-0.5221162523362172","-0.6997043139031709","-0.5445226946396349","-0.5643614643851665","-0.6087951158954672","-0.7442276504122678","-0.5861448576920582","-0.7577071562250839","-0.8386196529088719","-0.7259560324283539"
"-0.6344680020544309","-0.6026438468704283","-0.5699503936381565","-0.6665618600637363","-0.7129309361423382","-0.6601053622742092","-0.5522063429635403","-0.7077808874258895","-0.5519202738685491","-0.5687650023610094","-0.465707795637465","-0.4832863625547011","-0.6220561078866954","-0.7423061465231163","-0.5914141073181756","-0.576765433962635","-0.6779215934946395","-0.5358705438274515","-0.6075916240684964","-0.7264729216814522"
"-0.6472124340179651","-0.6284713572790842","-0.6490612931352903","-0.8162601516201741","-0.7301832544489405","-0.5676465044293093","-0.7162136002830459","-0.47042140983291447","-0.6081643701606422","-0.5219942452955779","-0.8745022702776134","-0.6119576413478461","-0.7241571018137668","-0.5576495987193216","-0.6407802524970978","-0.7926163842872027","-0.5615534429701681","-0.5364377362408754","-0.5040182457797904","-0.5864378245372105"
"-0.67923865924787","-0.6014018848576544","-0.6033593239297736","-0.7260386956272398","-0.7217413265504282","-0.7274290528590313","-0.5777487959800597","-0.7237068787765201","-0.6867082021595272","-0.689848988161821","-0.615644364509699","-0.5889459139256285","-0.47433659309798715","-0.689254320458329","-0.5408319746469666","-0.7196974239794619","-0.5309675725999279","-0.6843099690364052","-0.48606072542725093","-0.6361291817300213"
"-0.6226623567385953","-0.8185799467206614","-0.72148956948982","-0.7738676093799528","-0.5966259891251343","-0.5476392126131294","-0.6034747312897689","-0.8323963982131791","-0.7702674231563976","-0.5256764067420463","-0.7683609893251088","-0.6400067434567214","-0.5641789504967074","-0.478880634253168","-0.6569587522331788","-0.7037336243606443","-0.6751124182932002","-0.7409247810188028","-0.6703485497993975","-0.7893996372255012"
"-0.4417079260569656","-0.7790128337277012","-0.5931323057558348","-0.5707679398620872","-0.67266708137157","-0.7716141474570728","-0.5791952413017326","-0.7014679092546775","-0.7109362938101986","-0.7638697357633977","-0.43172378667810585","-0.5968951497484528","-0.7235456430464281","-0.7061521135563688","-0.6203320307641254","-0.6432940379139432","-0.6556985174591178","-0.46999164645569796","-0.7261841172351321","-0.3626807245634879"
"-0.5916407867437394","-0.5914780652013666","-0.638756451786879","-0.7276887135635596","-0.6801275150452084","-0.7335398312117732","-0.7007510946551809","-0.6548213179164014","-0.5147557535600299","-0.5774480304707448","-0.6453462832514489","-0.6959155072963711","-0.7034688011690068","-0.6405906485251549","-0.7517360343872598","-0.6329868381352525","-0.6870803511214683","-0.7987506698082584","-0.6620323182266564","-0.49679777330222763"
"-0.7063605470969959","-0.6850531557963662","-0.5215719910638726","-0.7837561336402104","-0.7933896770435735","-0.6329926758500358","-0.8799520190375856","-0.6262330064686298","-0.8636426916361795","-0.694726765353762","-0.6175714375403182","-0.6892090931683295","-0.8235820878197267","-0.4666997629907222","-0.5330973569561732","-0.7270902126778275","-0.6501049901866187","-0.5940787976647968","-0.5964619964866561","-0.7262044727725211"
"-0.8102091984289684","-0.6682837862109409","-0.8229447093380314","-0.5270800200058092","-0.7968597956165482","-0.7427457027385975","-0.7149488692342103","-0.5776120438154817","-0.6969527538713726","-0.524830245944655","-0.7987682363270171","-0.5616710007181155","-0.6822266576547132","-0.775244139648867","-0.6128159348916189","-0.6771923648983076","-0.8046440057818992","-0.5400549532453117","-0.6825943994583163","-0.5179482041298444"
"-0.5205900980332003","-0.8526341219459161","-0.7797761612056252","-0.8087858739471265","-0.6848127988623653","-0.6439323382929786","-0.6612668366509423","-0.6035583005154198","-0.622920755926598","-0.823409306960626","-0.5676290885900247","-0.6616856418206923","-0.7728128653427736","-0.8624677596893079","-0.8242842261579173","-0.6837224828988324","-0.7078882990463872","-0.486152423886737","-0.6687080605947034","-0.7078941147707059"
"-0.6901910842820795","-0.5963800750815561","-0.7140869104683509","-0.7068359278105086","-0.7256629981768704","-0.6493119052075035","-0.6435779153013776","-0.6977273791754693","-0.5412635421810882","-0.7390267028929942","-0.5630258406379577","-0.7728126985791625","-0.5086631327185238","-0.8591736174978962","-0.7246968443314823","-0.5714060510849922","-0.731142793218966","-0.9315283081741823","-0.5500592651908305","-0.7312052886891162"
"-0.7492493712266683","-0.6260466365260224","-0.7114797753042608","-0.7066432515669463","-0.4567443057467063","-0.6653794980393674","-0.6316380970670858","-0.6147381156004685","-0.761661082271536","-0.7374942820802365","-0.7078822357785525","-0.5979532357196985","-0.5576779143622762","-0.39019955695078967","-0.7046889139189596","-0.6565366295215618","-0.513267779208207","-0.5327808326704023","-0.5634229035840612","-0.6854431369397905"
"-0.5900991405865694","-0.687390994621388","-0.6982432446263644","-0.589119022515316","-0.5874300153480234","-0.7269531997323757","-0.6356519200490961","-0.5705887311987321","-0.6638351521328204","-0.684189691029837","-0.6431894272893034","-0.618313386068179","-0.5810633064635105","-0.5192954193962614","-0.5712119857496583","-0.6659713150883779","-0.6460089785136421","-0.8573737423679165","-0.6799147694866672","-0.7838420806082997"
"-0.5942814842536825","-0.8062513851702553","-0.45012278936246425","-0.5368836454983285","-0.7953467553085096","-0.6464917040423523","-0.7392164895967066","-0.8273141251203395","-0.49978004116422153","-0.8402463139120547","-0.6005263665635668","-0.7354164792199063","-0.8614544118850677","-0.5232149899798856","-0.5255151711676023","-0.6499908343009764","-0.5870820626349225","-0.64420003269377","-0.568962684691167","-0.59650357008113"
"-0.597088414833724","-0.7222907078720021","-0.6206579165156262","-0.8388059169153529","-0.6282035926642279","-0.3796202555510739","-0.8740784095991607","-0.5957954814014357","-0.7335940593255232","-0.6072390353099935","-0.7454731866815385","-0.602537411486302","-0.46844609236400275","-0.5036501735499241","-0.787347807611709","-0.7120596134242169","-0.5634117426637222","-0.7954149308991407","-0.5596098259244298","-0.5139703629650212"
"-0.7140642298175787","-0.5763981620000139","-0.7591449079134684","-0.6783972020392752","-0.7302336901342317","-0.6269579359944099","-0.6744857954601866","-0.6911074807235406","-0.7594254747759064","-0.6533145005172796","-0.647620455008155","-0.6685182469180573","-0.8917632808756195","-0.7714863668375717","-0.7006443911228439","-0.7620704278244035","-0.6489136517715376","-0.7950417554000642","-0.6064456043230324","-0.5697926000582094"
"-0.6489767648459583","-0.7669668181440622","-0.6450947985769312","-0.6937433892623259","-0.5825509749994552","-0.6663459469678013","-0.6794818887903524","-0.6032570419223218","-0.683988000448643","-0.7059238779963958","-0.7511892791946475","-0.5742617999979115","-0.6561335668846321","-0.7568884461028328","-0.43147669787355974","-0.4484859219608189","-0.7681106817294513","-0.5679733022264495","-0.6294434287118115","-0.6252204730966954"
"-0.6290981313810582","-0.640815474432176","-0.6623450812988001","-0.7959277465019706","-0.7882497893147415","-0.6397915343974296","-0.6099212177673428","-0.5708076302091686","-0.8847827626759124","-0.7955093164083863","-0.44275154587335336","-0.5531724255321648","-0.7068793581690048","-0.6690450528031842","-0.6176195555585043","-0.7613418798360518","-0.6392295915575943","-0.7328878228368992","-0.47238848881541623","-0.817624155730015"
"-0.5403368313856616","-0.7119744764504498","-0.6883472443021824","-0.7219664161944348","-0.8124297975881416","-0.7154460369887765","-0.703523594072158","-0.534532856291363","-0.5761227240579884","-0.6660906819414046","-0.8036634502825961","-0.5129038890888555","-0.5966757166863403","-0.863559884698293","-0.8501397471261423","-0.5879504855772669","-0.7797685767231521","-0.7709875287108902","-0.7683343110613405","-0.5985279547586239"
"-0.6560954502721471","-0.7359117170802705","-0.7434524991979843","-0.4816748795620529","-0.7479997260690093","-0.6147495559691527","-0.7548421932449407","-0.7343543553437781","-0.4854231896495632","-0.6944191153713132","-0.6879085573842936","-0.6731611872152052","-0.690068318393056","-0.8249031357675867","-0.6569848465133822","-0.7581078753561666","-0.8613632137239619","-0.6387990716982447","-0.8004714093008917","-0.7149350190389512"
"-0.7508426695925173","-0.5622831768685939","-0.7853104026559641","-0.660892386516958","-0.7815187049675566","-0.42026746402789805","-0.9561266188905695","-0.8748624011556969","-0.7455221547763476","-0.6952440731977073","-0.6603253838893666","-0.6052039816363667","-0.729259842535664","-0.7741869946817495","-0.8125880677339541","-0.8040939326110476","-0.9644814234622866","-0.9480712503913626","-0.7781821034573676","-0.8353360549431401"
"-0.5491885550496645","-0.851103100104118","-0.7900829707962249","-0.6854025481312328","-0.5460672057210231","-0.8177646028726754","-0.7101754380944637","-0.8736398352057491","-0.5778509957814735","-0.6954585654115797","-0.8768281779538857","-0.5514067863925066","-0.7491806446236461","-0.728436108235199","-0.7177292369341265","-0.7590850989242761","-0.6684866802894116","-0.5083839671165375","-0.8481843206548747","-0.501906413697839"
"-0.7475774540067165","-0.8158398450756876","-0.7437650752459426","-0.7515400114225372","-0.739315254279298","-0.6054215265816203","-0.7876267224401119","-0.7729970975231155","-0.728229514517743","-0.7486701800739273","-0.7860911386293217","-0.658940479041963","-0.6266615537616499","-0.7613566252803696","-0.7000911000262731","-0.6891748142149372","-0.7714719949598882","-0.795530576733614","-0.48276903663015047","-0.8285423195841018"
"-0.6300356551091427","-0.6867483519342704","-0.778633811312789","-0.7117743441587656","-0.8522009432668513","-0.8274428579200551","-0.688674823589343","-0.7868958206335231","-0.8883026962819891","-0.6888294698616589","-0.5906260501626693","-0.827342802956098","-0.7156799344942751","-0.489224658671646","-0.6720265405998093","-0.5713131905571214","-0.972450164662119","-0.8501929571805801","-0.8575326585778659","-0.8780635997265045"
"-0.49530666102845045","-0.7315127232363237","-0.6679744638404381","-0.8210659714322666","-0.9290985939762316","-0.6854315810297341","-0.6346093905703404","-0.7749409349557165","-0.5075610108418475","-0.742919878976709","-0.8857887786718085","-0.584232148992762","-0.6013355356046369","-0.6184323303223579","-0.8689805665347207","-0.8215532909841211","-0.9267222302675845","-0.5890524044433165","-0.6112236705688638","-0.7580457293272922"
"-0.7491862901882365","-0.8682754559514706","-0.6358133891343136","-0.6485295355975589","-0.7150018433739347","-0.8287614717681795","-0.7532968444819602","-0.7393356933391414","-0.728113261908748","-0.795556953456208","-0.8740657962221912","-0.6883752508794507","-0.7067737334910237","-0.8304017636001803","-0.6615665654921361","-0.7582237148980271","-0.6743588674387396","-0.84820161948387","-0.8781136910967449","-0.8867737853556964"
"-0.685761262503945","-0.6794756885446185","-0.6696310824004373","-0.6472755246777981","-0.5521521399465025","-0.7152834707047698","-0.8627440987366455","-0.8101098241175961","-0.728746410532718","-0.6970819632876648","-0.6535814454789022","-0.8639994660738348","-0.8588762410778713","-0.48172125646785446","-0.572360450797042","-0.6793806934680192","-0.7006540444317233","-0.6970017938490076","-0.6984254684469842","-0.6055254770317682"
"-0.6758750885715973","-0.5695414204797343","-0.7563372438744225","-0.7043085479870781","-0.7684791473016069","-0.7438196320790048","-0.7153340716521808","-0.6745226670012111","-0.7347199308993764","-0.5765320624068535","-0.7473017164511617","-0.8538615871629159","-0.8122469301701132","-0.6581718305926434","-0.6305444647685048","-0.7496761249175791","-0.5219872149646776","-0.7862593720108015","-0.588814377013668","-0.8456863214905733"
"-0.885921257839636","-0.5939082363583517","-0.8209016710411958","-0.7554720356063045","-0.6914468637931178","-0.6100295587447654","-0.7997048249063065","-0.5688400533948401","-0.8732279340787654","-0.7113542041406115","-0.6738853206050262","-0.8166172915241644","-0.7875275639407568","-0.778347931878099","-0.6410093721059928","-0.7170005119987227","-0.665417887784276","-0.7547963916136959","-0.41661603849371565","-0.608245688441006"
"-0.6264913366114762","-0.5993850453242954","-0.8277616145206755","-0.6579766448963383","-0.810064307825851","-0.7075046476025655","-0.5114037811190363","-0.6713324060424678","-0.8082678811197153","-0.5031063258827969","-0.6392937359929153","-0.8117513397334132","-0.6821090887992141","-0.6583690610926873","-0.7040305827088688","-0.8218787727346749","-0.6613123699231523","-0.5839882373886939","-0.886060825103405","-0.5095273399296653"
"-0.6327999381790267","-0.7448396609315714","-0.8067547197165826","-0.61662089191047","-0.5318109117393358","-0.6615284558237471","-0.7312933733565273","-0.7903510561224841","-0.6643195751185452","-0.7504885873441186","-0.765015929117883","-0.66425403475259","-0.9301092972013426","-0.9071427429168618","-0.5698872626598208","-0.721927466705258","-0.6825470336455958","-0.8869014541698399","-0.6675712062544856","-0.7040814863678533"
"-0.7125415274127517","-0.5993533622008284","-0.6295135356847106","-0.6271686438110095","-0.774092847510374","-0.7716300904976798","-0.6870902567064376","-0.6849327448394789","-0.6074419036810353","-0.5782611079174269","-0.5841914616252459","-0.7655810445777768","-0.6927480772470425","-0.7526829698878233","-0.6795859597392806","-0.4392862030587063","-0.440251822321582","-0.7042158261080176","-0.6325027573171527","-0.538847145089209"
"-0.636247659692331","-0.6654031435084004","-0.5701108452581192","-0.5664466804107312","-0.6316548121824038","-0.78989645627226","-0.7139580276989826","-0.6824253657310103","-0.7315552930276626","-0.4931246012501079","-0.5258659317207","-0.6754078074704011","-0.6779854570986668","-0.5092870816595437","-0.5678414690739869","-0.8625314580301638","-0.7200744807237861","-0.746147658571156","-0.8177358723192971","-0.7522908438309445"
"-0.5650814867698432","-0.6789208325357131","-0.6882317286935518","-0.4883730320239128","-0.8098660083757621","-0.37470747153397554","-0.5954677915936141","-0.6854435611978955","-0.6905830534280537","-0.6207294597823679","-0.5938980182325923","-0.7589283181580054","-0.6712502366510297","-0.9034847075399326","-0.8343434633663549","-0.7802955765662297","-0.8233628142188774","-0.7331038584377819","-0.8093154782017804","-0.7143847418767105"
"-0.6840683114752193","-0.5794865568034542","-0.9107712705717332","-0.6794030157693082","-0.757752936793301","-0.5260829667270258","-0.7794152652978117","-0.7331689255428554","-0.7918684822932376","-0.6669126792140218","-0.7084020683356081","-0.5841431863966706","-0.6177728360257274","-0.6182061626474612","-0.771315390553228","-0.6249222683808149","-0.7121263307533056","-0.723326648075717","-0.9117625157954182","-0.6868562507294139"
"-0.77845967003061","-0.5946359801552146","-0.8360011895038889","-0.7195493261702295","-0.6372983418969951","-0.772485932850187","-0.5069145364257639","-0.6091330340397554","-0.6168088468620347","-0.6832806114310611","-0.673684136194664","-0.37746935278683913","-0.7910420743196737","-0.6763936570921715","-0.80602433324786","-0.5983035225866679","-0.7333701259693151","-0.6916742640699431","-0.6999673522991412","-0.7863355574561023"
"-0.6306859207807458","-0.668442481087866","-0.7497358895080996","-0.6006119687500577","-0.7065723056176924","-0.6915366496402133","-0.8324042993796463","-0.8481542632555404","-0.6955332506297377","-0.5791653738373174","-0.8757213981299201","-0.6040899517518606","-0.6940201743617318","-0.5974597126625469","-0.7616967779722548","-0.7963354806642267","-0.7596917021568096","-0.8242623603804095","-0.6291027363939277","-0.7988416106194752"
"-0.7148422605096421","-0.6288301287275256","-0.7098953753233452","-0.7726782375052145","-0.7481064816367227","-0.6826520940054357","-0.7538304065560344","-0.8449757865059273","-0.7068258238014328","-0.7583019850037044","-0.7932523310498795","-0.7053772739110655","-0.6749371647467561","-0.6395773477689474","-0.6518550142719992","-0.9506458532368947","-0.7666344474538961","-0.6072746525024662","-0.6613412179884053","-0.7470389358197329"
"-0.6044988489583374","-0.613474063027056","-0.7124298956369545","-0.8856303592906702","-0.5076131962867155","-0.6575682237543105","-0.714683907582018","-0.7239477902323295","-0.6440146100527238","-0.538458555265814","-0.5859476780110466","-0.8540355482492415","-0.6449121523436443","-0.8631130203560019","-0.6978510005461578","-0.6676080278492686","-0.690489291293406","-0.8101130595927565","-0.49695630797638946","-0.7371607350773054"
"-0.7639055439647396","-0.7461017443221928","-0.5435500611425733","-0.6141566809642102","-0.7085984153093549","-0.6530047743170388","-0.6913302167629719","-0.6344214100957271","-0.7375070952695774","-0.6287840697093853","-0.6401707320908885","-0.695351659076288","-0.5705813898343542","-0.6816979465788541","-0.758919755397585","-0.627169140129688","-0.5651869723311165","-0.7108241316666074","-0.898850110997396","-0.6876770088720119"
"-0.6993909542521094","-0.7010669927149046","-0.7508936383592865","-0.8938004554542538","-0.46549337773977373","-0.8306345443534491","-0.5634857548306446","-0.6478613496951509","-0.734409706661891","-0.7788649278015943","-0.6437520923988117","-0.5424969211094455","-0.7194469640671467","-0.7265051940926202","-0.7628542352231645","-0.8828484187059865","-0.8514713265608035","-0.7711171837353826","-0.7114808342449234","-0.8943003410038654"
"-0.7881361042502086","-0.7687102524143938","-0.722690492391504","-0.7960856934906804","-0.8543070274927014","-0.7748359330780705","-0.776746284904639","-0.8752700662018071","-0.6931277253173401","-0.6380375308969313","-0.7423355831214876","-0.6566774425790889","-0.8666749129073773","-0.9184700060025484","-0.7635095394244208","-0.8122285069114815","-0.9253378856689222","-0.8054942800675642","-0.8299042816097391","-0.6338337126577945"
"-0.68978413109926","-0.7161430613907315","-0.6648846749066207","-0.8448258172991219","-0.7956086769527003","-0.8921181131728768","-0.7020757865059464","-0.8884180070206149","-0.6957959538113072","-0.6599920655619755","-0.8413264689602973","-0.7553123097094937","-0.5981635207763292","-0.8042704220045693","-0.7694226656061933","-0.8291802485668599","-0.7548610191667755","-0.6979799798377405","-0.7682475667062175","-0.7659519537627072"
"-0.8579088941242206","-0.784217516307212","-0.6224791286189455","-0.8004788588390409","-0.6052211960481919","-0.8008423336359971","-0.6439294055808634","-0.639406017885417","-0.6880245595798542","-0.7376619557691805","-0.5931651237048823","-0.6339298931231124","-0.798582047379678","-0.6773219191207854","-0.6831472639895645","-0.7395694477860602","-0.9387714056568714","-0.5996157978660924","-0.5332380592753548","-0.7252678271067344"
"-0.8988371734637103","-0.9442786694344133","-0.7855354834994118","-0.33544609285347154","-0.5670530396509731","-0.7211890907642154","-0.752522694466274","-0.8976535287697994","-0.7902827947615129","-0.5155760898514481","-0.8281289230705069","-0.7380558311046872","-0.6952501932279069","-0.5978876956171616","-0.855342372551896","-0.85905159029991","-0.6020500431585686","-0.6709274743297202","-0.5837865408591218","-0.6257404133871839"
"-0.690833722909765","-0.6864863648555375","-0.8073423794742864","-0.6215764404029975","-0.5256992143837829","-0.6223600443207038","-0.6781814359809946","-0.7703997877950619","-0.8637921397603111","-0.6908285166246992","-0.7240095050534847","-0.5848680371930788","-0.6540335239164581","-0.6607574611006476","-0.5697682192650317","-0.7850732734846332","-0.6037221013417148","-0.5800438375664505","-0.622015174886255","-0.6225496983661316"
"-0.7446820501451918","-0.5069952783239196","-0.7818276777137997","-0.5595291385965355","-0.773880993951309","-0.6928639678848557","-0.7604626681983255","-0.6426699041292484","-0.617237233306219","-0.7642430758482908","-0.6820046376463452","-0.7724507092063516","-0.7542047847346283","-0.8103563794816108","-0.7291792781298203","-0.7284865689806189","-0.7155139728867078","-0.5927222202819539","-0.6939725204274616","-0.6241814449360796"
"-0.6486708978228765","-0.6802335016028508","-0.5438635023738977","-0.7375589677128942","-0.8186269640146917","-0.6743216128076256","-0.6676151685165671","-0.7440314179428528","-0.9139695780412517","-0.6740522981068128","-0.5437068843865771","-0.5411771972076798","-0.7036179565497958","-0.4771143880357259","-0.7731461260663615","-0.8609904448687693","-0.6631558090614382","-0.5455624510977471","-0.6841099264879176","-0.8308689829793303"
"-0.6362658383101459","-0.5027335724643583","-0.6356740368741319","-0.8255477537606645","-0.7320699611700165","-0.6701182389151848","-0.6841057958120895","-0.7633976603285817","-0.3603882040173304","-0.7051179248541581","-0.7369009178408835","-0.8602458011390058","-0.7731544718386403","-0.7400340557462357","-0.5277962420626903","-0.6226575809623902","-0.6336833062210879","-0.6925035099525985","-0.6640661981526145","-0.707039986338266"
"-0.7985500415641219","-0.5581773990965609","-0.7188915995063441","-0.5092737959893963","-0.6789788350456424","-0.8410695351507408","-0.8107965515965971","-0.6642238020804629","-0.8643592030583649","-0.7893965149172031","-0.8163850403642731","-0.5831361603480836","-0.6530233438253183","-0.7980945233820527","-0.5110582932719556","-0.7302055728594926","-0.6137017970612543","-0.7147213707474009","-0.6655130229420546","-0.7039975780499513"
"-0.6576514716962097","-0.762427274081088","-0.7202266746460001","-0.6117809381716861","-0.7827243447334604","-0.8072775988795986","-0.815111910580855","-0.6700273940595519","-0.6371467085171987","-0.6773572768854987","-0.5489292235972534","-0.7173344250603332","-0.548849629487081","-0.7750258800679813","-0.8348220134233344","-0.7605723809556002","-0.7635500796786668","-0.5849510896549724","-0.5632637726641928","-0.5569872297298538"
"-0.7275525664656868","-0.7464889719391252","-0.8013512234975074","-0.792859411683971","-0.6247396607887304","-0.6546550257212168","-0.8057339717111789","-0.7377535841794686","-0.8045973460834314","-0.5989010717694861","-0.6137091742564277","-0.8051479982834405","-0.8137620134428986","-0.7106444146001702","-0.7433220994566053","-0.92235261758932","-0.825454965582816","-0.8985046651561014","-0.8229662372599842","-0.7957089123923139"
"-0.8398924797195612","-0.6853516171385704","-0.5245965670570542","-0.6303762481324674","-0.7406361631819263","-0.8072506406301493","-0.8439478999177801","-0.7038435986285679","-0.6361340397539563","-0.6663064603894635","-0.8075329640846826","-0.6028944535387315","-0.5935824727186784","-0.5715966314532701","-0.8497586601687401","-0.7393274895502674","-0.8500858767504935","-0.7304996270568703","-0.7667574397645897","-0.6678038598670176"
"-0.8231537360708123","-0.6052731034625164","-0.43290209444864286","-0.6336183636149328","-0.548325680456148","-0.6121540904993674","-0.5885380079503113","-0.7053898466368211","-0.7347681856833165","-0.6859994770753101","-0.6409336896258366","-0.7387753833364492","-0.6070271916592865","-0.72251586056617","-0.7308312233533175","-0.4897446025576334","-0.7601633219145095","-0.5790214414900706","-0.8035821310251001","-0.6686031485026773"
"-0.5814771969083898","-0.6035679358397049","-0.6047082820262275","-0.3583462617184776","-0.7942669603683075","-0.4881495157228655","-0.6632140458278657","-0.6932653232940972","-0.7237055614713777","-0.7658744397711758","-0.7513710216737823","-0.7168461162603993","-0.249877706196072","-0.5164478314019938","-0.7174198949417121","-0.45434537246465384","-0.5802228394176255","-0.5206661818205375","-0.5932413800368157","-0.786343565126124"
"-0.6850232514190833","-0.5450959272422877","-0.6042529580793556","-0.6794993269490134","-0.48094706470634485","-0.583711542167029","-0.48224204978576113","-0.5444548943448754","-0.5843832860439059","-0.519384436221321","-0.5644644184777095","-0.5884737759348342","-0.26576311724861285","-0.6417684631458482","-0.4975464893445245","-0.7250659190731344","-0.6054832381135069","-0.5434734213862459","-0.8257648870334569","-0.5084011958686415"
"-0.4540591720982111","-0.5657311297181823","-0.5349990392275895","-0.6941193943967654","-0.4964379418966372","-0.6302415789400517","-0.8453088129587324","-0.3344013162702625","-0.7736914966601013","-0.7025035205461091","-0.4972176708146836","-0.6657714929897678","-0.5961005086530211","-0.6568513609245871","-0.46843716636339033","-0.6947994872046012","-0.5908843795539118","-0.7657976557260622","-0.6980026871372677","-0.41126872534181197"
"-0.7094486545574763","-0.7284893301204078","-0.7524574315152307","-0.6802588419337161","-0.543724349630306","-0.4697791198697091","-0.634491691310376","-0.6012579935031463","-0.6533556215561108","-0.4127458529671634","-0.8124486562414432","-0.5828351125298525","-0.5623914658791016","-0.7957296296440743","-0.7022196032573457","-0.5629300516343302","-0.7485936566771015","-0.7501378739752448","-0.5963358452182481","-0.7480894857947071"
"-0.5384047994727811","-0.6969325864184671","-0.6615692881540971","-0.7532204065968743","-0.8486800225337201","-0.5798639408505029","-0.5559440313724724","-0.3492580997780292","-0.7168726655873527","-0.7277225777556735","-0.850598837085593","-0.8014647857034835","-0.4449745067378082","-0.6683140663096008","-0.37024171637176073","-0.6521000341562845","-0.8169404575475228","-0.48707658899061995","-0.47458071751438424","-0.6968945819929688"
"-0.44716385861061325","-0.5310655846582063","-0.8277417482727407","-0.6230986973984977","-0.28063016126045653","-0.7402350161862163","-0.6842723260134139","-0.701545724826512","-0.43567682181165507","-0.8562478279517411","-0.6644018398942131","-0.7720105776492012","-0.631627089889346","-0.4787858450096252","-0.6954700045042117","-0.5746262997269901","-0.7038212863321123","-0.7638154557076311","-0.7404283029795965","-0.8643832686815501"
"-0.7589660229995026","-0.6553823653645304","-0.6368041684789671","-0.5667514434589923","-0.38404630494416847","-0.7969909076111","-0.7077701565089405","-0.5145263163542613","-0.8024259966216196","-0.5596760424144509","-0.5559632210312152","-0.855266498728355","-0.5274159701455995","-0.4485421328781576","-0.7111364909332807","-0.6479843202397284","-0.6036368619780162","-0.4987898898049458","-0.6893999750813978","-0.6146254819298284"
"-0.614720312229948","-0.6203408917834475","-0.7933933174909901","-0.5747132051371583","-0.7686725924413005","-0.5703252261524304","-0.5228611295388504","-0.5862562746409976","-0.7050629042111959","-0.7899943663977871","-0.7295414047413236","-0.7394267536619776","-0.5966137461934417","-0.6196229183467752","-0.46354858868967747","-0.560979235162909","-0.618004675989462","-0.70709040490398","-0.7318727814132298","-0.7925196680790172"
"-0.5456759333470059","-0.7476318353229423","-0.5411933909030051","-0.5357385608442055","-0.6600646914984118","-0.6335004918110928","-0.8410511707880446","-0.6934427691957243","-0.5965175760276361","-0.6943996340639437","-0.6099487309248889","-0.6258646858169421","-0.786406182832087","-0.48894628044520677","-0.43250292305156796","-0.3951486738817808","-0.210554467644357","-0.9033557341447366","-0.5416970779165812","-0.6474328607989797"
"-0.4012831125304805","-0.6258044198523658","-0.4230250773725966","-0.3962147834262801","-0.6793534223754899","-0.5965529810950901","-0.4262866217544443","-0.5409791440701898","-0.4160157410472791","-0.46260354726800545","-0.5625368651579234","-0.7206959466024702","-0.6928385046140196","-0.5600961995020011","-0.653513958783297","-0.4161504689286524","-0.6996038559674411","-0.5811518114931882","-0.7740107987493806","-0.6508452256727402"
"-0.46554443416423313","-0.5930278829345845","-0.3926030373807878","-0.8046046214779317","-0.5556323367297513","-0.6405905085239039","-0.6147990237421586","-0.620285898399359","-0.44429846224144365","-0.7474471339594808","-0.4080268613827281","-0.6080651902123653","-0.29163884021508724","-0.5351198788475137","-0.3372290296500534","-0.6123237580546141","-0.4273741118497765","-0.37020291730420857","-0.5485495058694664","-0.5935612108698929"
"-0.6283469098385706","-0.3616874140860016","-0.3693287136511156","-0.5933624476783619","-0.6106460514632414","-0.23267981066549892","-0.314275889355415","-0.34319129020750966","-0.49906497203877254","-0.39777398743039805","-0.3590020460025924","-0.17344953189278975","-0.5861728700414846","-0.40075283329145966","-0.6703988207338277","-0.6439539207437146","-0.2374245099923133","-0.32991703650026366","-0.35004185480474126","-0.7230756319502247"
"-0.49128060730041795","-0.16169864872993403","-0.6049018546778914","-0.11735940756227083","-0.21103826782468274","-0.6333807831990168","-0.21231950194605687","-0.3022852714556455","-0.1557349299949006","-0.26906133595933956","-0.19052917332160807","-0.21794794735948042","-0.744463843949522","-0.4597861922120945","-0.25744645961575297","-0.4780142513255956","-0.1648519613959164","-0.5865490557401936","-0.16948096476318308","-0.24419405801819558"
